gender_MISSING,0.0
gender_m,1.1446893200605122
:,36.964474991895834
dob,-0.22544367604948939
