gender_MISSING,0.0
gender_f,-0.35660212413209208
:,-100.18877354655069
dob,5.7579169530821916
