gender_MISSING,0.0
gender_f,-0.42257673970436771
:,11.587459454619342
dob,1.5813065619399533
